Fecha,Usuario,Descripción,Vistas,Hashtags
2023-12-10,thiagof.okk,"Bahia brava, es impresionante como a metros hay otra Bahia que el agua es tranquila.",2636,         
2024-3-10,gabrielcris23,Bahia brava - Villa la angostura.#sur #patagoniaargentina #patagonia,595,#sur #patagoniaargentina #patagonia 
2021-12-4,bandeveronica,"Bahía Brava, una de las playitas mas lindas de Villa La Angostura 🇦🇷💙 #mountain",1115,#mountain    
2024-2-25,marti_casas,Soñado🤯🤩 #villalaangostura #puertovilla #bahiabrava🇦🇷 #travel,862,#villalaangostura #puertovilla #bahiabrava🇦🇷 #travel
2023-12-7,thiagof.okk,#bahiabrava #villalaangostura #pyf #viral #vacaciones #parati #viral,1489,#bahiabrava #villalaangostura #pyf #viral #vacaciones #parati #viral
2023-8-28,viaje.docepatas,"Unos mates a orillas de Bahia Brava, Villa La Angostura 🧉🇦🇷❤️ #noesporpresumir",830,#noesporpresumir       
2024-2-8,cristinarodriguez706,"Villa la Angostura, bahía brava #argentina #patagonia #cordilleraargentina",639,#argentina #patagonia #cordilleraargentina
2023-12-27,vanuwidmer,El sur 😍 #vacaciones #bahiabrava #villalaangostura #sur #argentina #🇦🇷,689,#vacaciones #bahiabrava #villalaangostura #sur #argentina #🇦🇷
2024-2-1,meluruizzm,#villalaangostura #bahiabrava🇦🇷 #bahiamansa #patagoniaargentina #argentinatiktok,1380,#villalaangostura #bahiabrava🇦🇷 #bahiamansa #patagoniaargentina #argentinatiktok   
2024-4-6,cami.ntvg,#villalaangostura🇦🇷 #bahiabrava🇦🇷 #bosquearrayanes #Argentina,658,#villalaangostura🇦🇷 #bahiabrava🇦🇷 #bosquearrayanes #Argentina  
2023-12-7,gomezcelestel,Patagonia Argentina 🇦🇷♥️ #villatraful #bosquesumergido🏞🏔 #villalaangostura,2243,#villatraful #bosquesumergido🏞🏔 #villalaangostura  
2024-1-20,nolgutleber,"De los lugares más lindos. Villa La Angostura, Bahía Brava. #belleza #viajeconmates",397,#belleza #viajeconmates        
2023-8-24,natiturista,#bahiabrava #villalaangostura #neuquen #argentina #surargentino #ahoratu,5492,#bahiabrava #villalaangostura #neuquen #argentina #surargentino #ahoratu
2024-3-31,mikacarrascooo,📍 Villa la Angostura 🏞️ Muelle Bahía Brava #villalaangostura #neuquenargentina🇦🇷,678,#villalaangostura #neuquenargentina🇦🇷    
2022-12-18,brujula_viajera,El bus a Villa La Angostura desde San Carlos de Bariloche cuesta 930 pesos ida y 930 vuelta aprox 25 soles aprox o 7 dólares,6709,    
2023-8-27,micaelacamino15,#parati #viral #rutina #fypシ #viraltiktok #neuquen #bahiabrava🇦🇷 #villalaangostura,3410,#parati #viral #rutina #fypシ #viraltiktok #neuquen #bahiabrava🇦🇷 #villalaangostura
2024-1-18,natunat2025,#argentina #paraiso #patagoniaargentina #villalaangostura #diosproveera,820,#argentina #paraiso #patagoniaargentina #villalaangostura #diosproveera 
2021-11-9,nicodellegrazie,#viajar #VillaLaAngostura #paragonia #argentina #ParaTi,887,#viajar #VillaLaAngostura #paragonia #argentina #ParaTi
2023-8-28,arielapesci,el sur srgentino 🇦🇷🫶🏻🥹🧉 #bahiabrava #villalaangostura #traveltiktok,949,#bahiabrava #villalaangostura #traveltiktok    
2023-8-20,noemicardozo60,MUELLE BAHIA BRAVA. VILLA LA ANGOSTURA,8309,
2024-1-6,laailafarias,"BUENAS BUENAAAAAS, mini resumen de paisajes que disfrutamos ayer💖 alquilamos bicicletas en Villa La angostura y recorrimos todo ✨ 7 hs intensas pero valieron la pena. Quieren que les suba videl explicando y pasando data?",31900,     
2023-2-27,elmundodepam.ok,Villa la Angostura sin auto es posible 😎 #villalangostura #neuquen #visitargentina,14200,#villalangostura #neuquen #visitargentina
2023-11-19,nicot85,#bahiabrava #villalaangostura #VLA Esas aguas por Dios!!! ❤️,734,#bahiabrava #villalaangostura #VLA
2024-4-10,jbelmendoza,#villalaangostura #sibo #nutri #Sur #bariloche #bahiabrava #puerto #villa,593,#villalaangostura #sibo #nutri #Sur #bariloche #bahiabrava #puerto #villa
2022-1-30,pasaje.en.mano,Más info siempre en mi IG a pasaje.en.mano 🌈♥️🏖,306700,
2022-2-9,mairoletto,Una playa hermosa y súper tranquila en Villa La Angostura #viaje #playa #lago #bahiabrava,262,#viaje #playa #lago #bahiabrava 
2024-1-22,turismovla,La hermosa Bahía Brava!,6075,
2024-1-24,viajandojuntosamerica,Mirador Bahía Mansa. Uno de los lugares imperdibles al visitar Villa la Angostura es su mirador natural. Hicimos un corto trekking y llegamos a una de las mejores vistas de la patagonia Argentina.,1029,    
2024-2-19,camiaraoz10,Villa La Angostura y sus playitas🤩🤩 📍Playa Brazo Última Esperanza 📍Lago espejo 📍Lago correntoso 📍Bahia brava,628,     
2024-3-27,vivermaisomundo,"Um dos lugares mais lindos de Villa la Angostura Essa é a Bahia Mansa, com águas calmas e cor azul esverdeada. O passeio de caiaque por aqui é imperdível e do outro lado a alguns metros fica a Bahia Brava com águas mais agitadas.",744,    
2024-4-2,ayrlonnegabi,Bora conhecer os principais pontos turísticos e mirantes em Villa la Angostura? 📌 Letreiro da Cidade 📌 Mirador Brazo Norte 📌 Mirador del Puerto 📌 Bahia Brava 📌 Rio Correntoso 📌 Pampitas Empanadas #villalaangostura #pontosturísticos #mirante #roadtrip,165,
2022-8-26,florscovenna_,🗺BAHIA MANSA en VLA📍 es soñada🤩 #villalaangostura #patagoniaargentina,28000,#villalaangostura #patagoniaargentina   
2023-10-20,sofibertola_,"Full day en villa la angostura🍃 Lugares imperdibles para conocer: - Ruta de los 7 lagos (rio correntoso, lago espejo, ruca malen) - Cascada rio bonito - Bahia brava - Bosque de arrayanes - Cerro bayo - Playa bonita - Cafeteria Antibes (increible lugar para desayuar o merendar)",906,    
2024-2-29,aby.avg,Apreciando ando ✨🤍#patagoniaargentina #villalaangostura #bahiamansa,861,#patagoniaargentina #villalaangostura #bahiamansa
2021-12-8,turismounido.arg,¿Que playa agregarías de nuestra Patagonia? 😍👇@boletoalafelicidad 📸#patagonia #,118500,patagonia     
2023-2-5,argentosuiza,"🇦🇷 ¿Cuáles son los lagos de la RUTA DE LOS SIETE? 🇦🇷 Los lagos que componen el circuito que va desde San Martín de Los Andes hasta Villa La Angostura (o viceversa) varían dependiendo del autor del relato. Muchos no cuentan el Lago Espejo Chico, el Lago Hermoso o el Lago Machónico. Pero lo cierto es que este tramo de la Ruta 40 tiene mucho más que ofrecer que sólo los famosos 7, por eso en este video te resumo algunas paradas que podes sumar al trayecto para aprovecharlo al máximo. Te los dejo anotaditos: 1- Lago Lacar (por ser el primero, muchos no lo cuentan) 2- Lago Machónico 3- Lago Hermoso 4 - Cascada Vulignanco o Vuliñanco (ambas versiones son válidas) 5 - Lago Falker 6 - Lago Villarino 7 - Lago Escondido 8 - Cascadas Ñivinco (haciendo un trekking de 2,5 km - buscá el reel con toda la info) 9 - Lago Correntoso 10 - Río Ruca Malén 11 - Lago Espejo Chico 12 - Lago Espejo Grande 13- Río Correntoso 12 - Lago Nahuel Huapi en La Angostura (Bahía Mansa, Brava y Manzano) Muchos aprovechan también para visitar el Lago Meliquina o el Lago Traful, pero para mi esos merecen exclusividad ❤️ 🎬 Para ver la info completa, te invito a ver mi último video en Youtube! El link lo encontrás en mi perfil. ¿Vos cómo conocías este circuito? _",54700,    
2021-10-26,turismounido.arg,¿Cual más agregarías? 😍Seguimos en Instagram 👉 @turismounido.arg@boletoalafelicidad 📸 #t,456000,    
2024-3-16,vincihoyos,"Chama a Samu, en Español 🥁🎶⚽️ #videoviral #greenscreen #parati #fyp",2600000,#videoviral #greenscreen #parati #fyp                     
2024-4-4,celeraiteri,"Lugares que recorrimos en 5 dias : •Cascada de los duendes •Lago Gutierrez •Hamburgueseria Weiss (HIPER RECOMENDAMOS) •Villa Traful •Villa la angostura (Bahia Brava) •El Bolson (caminata del rio azul “El paraiso” de 45 min de duracion) •Circuito chico, Colonia Suiza •Refugio Patagonia 24.7 •Centro de BRC❤️",720,        
2022-7-6,cielo_salas,🙈 No puedo más con loq mendijieron #fypシ #parati #baile #enpublico #reacciones,57900,#fypシ #parati #baile #enpublico #reacciones    
2024-1-11,martiaarias,💘 #ñandubaysal #gualeguaychu #amigas #verano #playa #playasargentinas #fyp,22600,#ñandubaysal #gualeguaychu #amigas #verano #playa #playasargentinas #fyp 
2023-11-26,leandrooahumada,VILLA DE MI VIDAAA🦁🇦🇹🎺🥁#VILLACUBAS #elmasgrandelejos,18900,#VILLACUBAS #elmasgrandelejos
2021-1-14,pasaje.en.mano,Bosque Los Arrayanes 😍😍😍💦💦💦 #villalaangostura #argentina,78300,#villalaangostura #argentina
2022-11-22,chinitaenviaje,acá una china gurisa enamorada de #gualeguaychu #entrerios,33100,#gualeguaychu #entrerios  
2024-1-13,maximosoliler,,18900,
2024-1-17,agusseju,2 dias en villa la angostura #elsur #patagoniaargentina,798,#elsur #patagoniaargentina        
2023-10-23,jairoherrera799,Villa de mi vida ❤🤍 #VillaCubas,6123,#VillaCubas
2023-12-14,leo7cabj,Baile Villa 🕺🏻 || ¡Primer edit de la cuenta! || #villa #boca #fyp,20700,#villa #boca #fyp
2022-12-2,leaigounet,"Recorro una ciudad donde abunda el básquet, la joda y hasta tienen un premio Nobel en Medicina: La ciudad de Bahía Blanca 🏀🏃🏽‍♂️",718200,    
2023-9-12,ufologiabrasil1,"Uma intensa mobilização militar foi registrada na argentina causada por um misterioso OVNI triangular preto, que desafiou a base militar Aeronaval, Comandante Espora em Bahía Blanca. O pesquisador de OVNIs, Andrea Pérez Simondini, confirmou que os militares começaram a atirar neste estranho objeto, incidente que durou 30 minutos, diante do olhar e espanto dos moradores próximo a esta base. Extra Oficialmente, afirma-se que há pessoas com queimaduras devido ao raio vindo deste objeto voador.",744900,      
2024-1-10,diarioinforama,¿Cuál es la mejor hinchada del clásico catamarqueño? San Lorenzo y Villa Cubas dejaron al rojo vivo la definición y este jueves 11 se conocerá al clasificado al Regional Federal Amateur. En la previa la pregunta es: ¿qué hinchada tiene mas aguante? #villacubas #sanlorenzodealem #catamarca,46700,
2024-1-18,chamo733,Punta del este#🇵🇾🇺🇾,35900,#🇵🇾🇺🇾
2024-1-19,alexander.ruizdiaz,Comenten barrios peligrosos 👀,1600000,
2024-1-23,turismovla,Navegamos un ratito por Bahía Manzano? #villalaangostura🇦🇷 #patagonia #veranoenvla,1263,#villalaangostura🇦🇷 #patagonia #veranoenvla 
2023-3-26,candescolnik,Ser campeón en Argentina descripción gráfica. #scaloneta #parati #dibumartinez,186300,#scaloneta #parati #dibumartinez  
2023-11-5,vivaperonbuenasnoticias,#Massa engalanando el programa del pelele de #majul #vivaperon #elecciones2023,2052,#Massa #majul #vivaperon #elecciones2023                       
2023-9-28,_motocarro,#boca #river #villa31,449200,#boca #river #villa31
2021-8-30,turismovla,"Disfutando de este paisaje perfecto, desde el muelle de Bahía Manzano, después de la última nevada. 🌨🤍Te gustaría estar acá? 🏔 #v",1845,
2023-7-31,williamsosa10,Me fuiiii 🏃‍♂️💨 🍔 #argentina #argentina🇦🇷 #paraguay🇵🇾 #fypシ #laplataciudad,8400000,#argentina #argentina🇦🇷 #paraguay🇵🇾 #fypシ #laplataciudad    
2024-1-23,turismovla,"anoche tuvimos un nuevo concierto en el marco de el festival de música clásica de los 7 lagos, chequeá los próximos conciertos en www.fila7lagos.com",944, 
2024-3-30,leticiapanarr,,12500000,
2023-12-25,leandros.benitez,Areko 4 Kuña del gran @quemilyambay al estilo de @confluencia_chamamecera !!! #paraguay🇵🇾,14400,#paraguay🇵🇾                                                   
2024-2-23,braianvillabarber,Respuesta a @emilio.y.broto,317,@emilio.y.broto
2022-1-10,alejandrinavizgaraa,#recital #playa #keper #kepersonajes #solardeleste #guale #gualeguaychu #fiesta,7703,#recital #playa #keper #kepersonajes #solardeleste #guale #gualeguaychu #fiesta   
2022-5-11,elgrafico,Todo el repertorio de Villa para festejar,7784,
2022-9-7,neruforte1,para eso me iba a las toninas #sargazo #caribe #misahorros,718900,#sargazo #caribe #misahorros
2024-1-27,cersantacatalina,La Cueca más bella de Jujuy ❤🌵 Para Santa Catalina #tomaslipan #santacatalina,6599,#tomaslipan #santacatalina     
2022-9-19,jrodriguezphoto,#FutbolEnAgenciaUGE Liga Riojana de Fútbol - Rioja Juniors Campeón 2022 - “serás el héroe de la tarde”,4069,#FutbolEnAgenciaUGE   
2022-9-18,jorge_vilchez_fotos,#Kongaz #LaKonga #sunchales #santafe 🥳🎵 Video: #PedritoOcaña,3188,#Kongaz #LaKonga #sunchales #santafe #PedritoOcaña
2024-2-7,leticiapanarr,Acho que ela nao gostou dessa vez,17400000,
2023-11-9,flying_explorer_,"📍Las Ruinas de Gordejuela, Tenerife, Canary Islands 🏴󠁧󠁢󠁳󠁣󠁴󠁿🇮🇨 Na pierwszy rzut oka wygląda jak opuszczony zamek, zaklęta rezydencja lub tajemnicze schronienie piratów... Stuletnie ruiny windy wodnej Gordejuela, na wybrzeżu Los Realejos, przypadkowo stały się nową atrakcją turystyczną w mieście, gdy zdjęcia i filmy z tego malowniczego zakątka zostały udostępnione na całym świecie za pośrednictwem mediów społecznościowych. Przez dziesięciolecia ruiny windy pozostawały zapomniane i praktycznie nieznane spoza Los Realejos. Zaczęły zyskiwać popularność w wyniku przygotowania szlaku turystycznego wzdłuż pobliskiej Rambla de Castro przez radę miejską i Cabildo. Trasa ta łączy to naturalne otoczenie z Playa Los Roques i dzielnicą Punta Brava w Puerto de la Cruz. W połowie drogi znajdują się ruiny Gordejuela, na dnie stromego wąwozu, przylegające do klifu, na prawie dzikiej plaży La Fajana. Przygotowanie ścieżki wzdłuż tego wybrzeża, o wielkiej przyrodniczej i krajobrazowej urodzie, natychmiast przyciągnęło zarówno turystów, jak i mieszkańców wyspy, do tego stopnia, że Rambla de Castro jest obecnie jednym z najczęściej odwiedzanych zakątków Teneryfy. W wyniku rosnącej popularności szlaku szybko pojawił się efekt ekspansji mediów społecznościowych, gdzie spektakularne krajobrazy Castro i Gordejuela są stałym tłem różnego rodzaju reportaży i filmów. [ENG below] At first glance it looks like an abandoned castle, an enchanted mansion, or the secret lair of a pirates... The centuries-old ruins of the Gordejuela water lift, on the Los Realejos coast, have unintentionally become a new tourist attraction in the town, since photos and videos of this evocative corner have been shared around the world through social networks. . . . .",949,                         
2022-10-19,soyfernandoayala,#viral #paraguay #humor,3147,#viral #paraguay #humor
2022-9-24,ojeda_lezcano10,#fyp #paraguayoporelmundo🇵🇾🇵🇾💃🏿 #paraguayoporeuropa🇪🇦♥️🇵🇾 #parati,25900,#fyp #paraguayoporelmundo🇵🇾🇵🇾💃🏿 #paraguayoporeuropa🇪🇦♥️🇵🇾 #parati  
2023-10-1,fercho23_99,"La Villa 31 unos de los Barrios más peligrosos de Buenos Aires, Argentina 🇦🇷. #argentina🇦🇷",11500,#argentina🇦🇷   
2021-11-25,sanmartindetucuman__,San Martín de Tucumán 3 vs Gimnasia de Mendoza 1// Primera Nacional 2021 #parati,1900000,#parati      
2024-4-3,aaron___212,@naiki #paysandu #uruguay #alma #uruguay🇺🇾 #parati epicoo,4839,@naiki #paysandu #uruguay #alma #uruguay🇺🇾 #parati
2022-9-7,victorianoarenas,Frente a Central Córdoba 🇦🇷 | #tiktokdeportes #victorianoarenas #futbolargentino #rosario,1600000,#tiktokdeportes #victorianoarenas #futbolargentino #rosario
2022-11-11,fiorellafigueredo5,#paraguay🇵🇾 #paraguayosenespaña🇵🇾🇪🇸 #humor #realidad #luque #cheta,10900,#paraguay🇵🇾 #paraguayosenespaña🇵🇾🇪🇸 #humor #realidad #luque #cheta 
2024-2-2,benjaeortiz23,Fua el Paysa 🤩 💙🤍 #juvenilesauf #juvenilesA #paysandufc #paysafc,26800,#juvenilesauf #juvenilesA #paysandufc #paysafc    
2023-11-26,ezequielguazook,Que hermoso mí Pueblo 😍 #pueblohermoso #pueblomagico #calor #fyp #suiza,255400,#pueblohermoso #pueblomagico #calor #fyp #suiza 
2023-12-28,presentadobeni,#taravehapakova,25300,#taravehapakova
2022-8-24,eugostummm_oficial,Feliz de mais pelo carinho além do mais na fé de Deus agente chega lá … né Ivete obrigado pelo carinho eu gostummm,4700000,       
2022-8-30,celesteiann,#bahiablanca #bahiablancaargentina #diariodelaservilleta #libros #bahiablanca🇦🇷❤,42800,#bahiablanca #bahiablancaargentina #diariodelaservilleta #libros #bahiablanca🇦🇷❤  
2023-10-20,wipsdigital,¿Que lugar recomendas? #lugares #bahiablanca #turista #contenido,22100,#lugares #bahiablanca #turista #contenido 
2022-5-3,valenfullcane,Aguante ARGENTINAAA 🇦🇷,2400000,
2023-10-29,futbolcatamarca,Debut con goleada de San Martin con un desdibujado Villa Dolores en la primera fecha del Regional.,2375,    
2023-9-18,luisuribe075,#bahiablanca #stellamaris #barriobahia #buenosaires,53900,#bahiablanca #stellamaris #barriobahia #buenosaires
2023-12-17,vilagrancabrita,,248,
2024-3-23,leticia_lvr,"• DIA 01: Alugamos um carro no Aeroporto de Bariloche e fomos até San Martín de Los Andes. Nesse mesmo dia fomos até a Playa Yuco. •DIA 02: fizemos metade da Rota dos 7 Lagos. Saímos de San Martín de los Andes e passamos por: Lago Falkner, Lago Escondido, Lago Villarino, Lago Machonico, Mirador del Barranco, Cerro Chapelco, Catritre, Mirador Lolog •DIA 03: fizemos o restante Rota dos 7 Lagos, passando por: Mirador Pil Pil, Lago Correntoso, Lago Espejo, Rio Correntoso, Villa Angostura, Bahia Brava, Bariloche, Cerro Otto •DIA 04: Circuito Chico paramos em: Playa Sin Viento, Punto Panorâmico, Puente Arroyo La Angostura, Mirador Bahía Lopez, Muelle Lago Escondido, Sendero de Los Arrayanes, Cerro Campanario •DIA 05: Cerro Tronador, fizemos todo o percurso até o Mirador de La Cascada Garganta Del Diablo •DIA 06: Puerto Blest por excursão, mas não recomendo fazer no verão 🥺 •DIA 07: tiramos esse dia para descansar e andar pelo centro de Bariloche.",2107, 
2024-1-20,micaela_aguilar_06,Respuesta a @lisandro.villasbo [Espero les guste]||[#fypシ #viral #paraguay🇵🇾 #paraguay,26400,@lisandro.villasbo #fypシ #viral #paraguay🇵🇾 #paraguay 
2023-12-15,mexpoma,#argentina #javiermilei #milei #libertaddeexpresion 🇲🇽 # #nike #jesus,536,#argentina #javiermilei #milei #libertaddeexpresion #nike #jesus                                       
2021-8-13,turismovla,Momentos únicos que fuimos viviendo en este invierno maravilloso!⛷🏔🍴🍻🥾☕️#,2766,  
2022-10-2,rodra.rodra,La Villa 31 en la ciudad de Buenos Aires #villa31buenosaires #villa31 #buenosaires,2100000,#villa31buenosaires #villa31 #buenosaires
2023-9-8,_motocarro,Cómo le dicen ustedes? Villa 31 o Barrio Mugica? 🤔 #villa31 #barriomugica #retiro,87500,#villa31 #barriomugica #retiro  
2023-12-17,vilagrancabrita,,261,
2022-6-6,lgnar0,explota Viajerxs disco pub 🔥 #pridemonth #foryou #fypシ #montevideo #uruguay,2377,#pridemonth #foryou #fypシ #montevideo #uruguay       
2024-2-26,delrioalmundo,podemos admitir que Villa La Angostura es de los mejores lugares de Argentina? 😍,17500,    
2023-10-15,moveontraveling1,"Cuando pensas en Villa La Angostura... 👉🏼Que es lo primero que se te viene a la cabeza??? - Lagos🚣‍♀ - Montañas ⛰️ - Cerros Nevados 🏔️ - Todo junto y más ✨😍 💛Hoy te mostramos ""La playa Bahía brava"" en el Lago Nahuel Huapi . . 🧐Lo conocías??? 📱Escribimos para saber las todas las actividades que podes hacer. 👉🏼Contactanos por mensaje directo, estamos para vos👩🏽‍💻‼️ . . caminataspatagonicas",1785,           
2023-12-22,vilagrancabrita,,200,
2023-12-29,compayhostel,Respuesta a @Ummorena Parte 2 de playas imperdibles este verano en Uruguay 🇺🇾,1221,@Ummorena    
2024-2-1,ojeda_lezcano10,#parati #fvp #paraguayo #paraguayoporelmundo🇵🇾🇵🇾💃🏿,35700,#parati #fvp #paraguayo #paraguayoporelmundo🇵🇾🇵🇾💃🏿    
2023-12-4,s1s6__mt,Estamos localizados en presidente franco kilometro 5 y medio #casaquinta #verano,6673,#casaquinta #verano  
2024-1-18,turismovla,"Ver el atardecer en la montaña, conectar con el entorno y toda la magia que tiene Villa La Angostura para ofrecer.",864, 
2023-12-6,discover.paraguay,"Dr. Juan León Mallorquín es un municipio ubicado en el departamento de Alto Paraná a 266 km de Asunción. Originalmente se llamaba Ka’arendy, por los montes de yerba que existía en el Alto Paraná, en guaraní “ka’a” es yerba y “rendy”: que arde o luminoso, entonces el significado sería “yerba que arde” porque en Ka’arendy se preparaba el mboroviré, la yerba chamuscada en la barbacua. El nombre actual recuerda al defensor de las fronteras en la cuestión del conflicto del Chaco, a través de oportunas publicaciones y conferencias. Uno de los atractivos de la ciudad es el añoso Tajy Ka’arendy, situado sobre la Ruta. El árbol nativo tiene 7 metros de diámetro y 40 de altura y se estima una edad de más de 200 años. Estuvo a punto de ser derribada para la duplicación de la ruta, pero un grupo de jóvenes solicitó a las autoridades que busquen la forma de salvarlo, lográndose el objetivo. Este post fue presentado por Alex S.A., porque la ciudad de Juan León Mallorquin, es TERRITORIO ALEX. ...................................................................................…",34700,                           
2022-8-7,eugostummm_oficial,Esse pastel e so para quem esta de regime pq engoradar eu não gostummm kkkk curta os videos e nos siga que eu gostummm,9900000,        
2024-3-6,mamaede2eartesanato,"Mais um começo de tapete no tear de pregos. Aprendi esse tapete na infância com minha avó, nossa como detestava fazer esse tapete 🤭 eram horas e horas pra fazer um tapete e eu no auge dos meus 12 anos queria brincar, assistir, queria fazer tudo oque tivesse pra fazer menos o tapete 🤭🤭🤭 até meus 14 anos fazia todos os dias pra tentar ocupar o resto do meu dia, depois fiquei anos sem fazer, o tempo não sobrava pra mais nada. Voltei a fazer em 2022, tinha acabado de mudar de São Paulo pra Bahia, estava com uma bebê pequena e precisava de algo pra distrair a cabeça, daí lembrei dos vários artesanatos que minha avó me ensinou, mais o tapete no tear de pregos e meu favorito hoje, fazer esse tapete me trás aconchego pro coração, me trás uma sensação de paz maravilhosa. Me faz voltar à infância e lembrar das horas que eu e minha avó passamos cortando os retalhos pra tecer o tapete, aquele tempo eu não ligava muito, mas hoje em dia essa é minha maneira de escapar dessa correria do dia a dia. . . . . . .",618,             
2024-2-19,turismovla,volvió cocina de montaña y dijo presente una vez más en la Fiesta de los Jardines 🙌🧑‍🍳🍛.,399,  
2023-2-13,buscamiviaje,CAMPING EN VILLA LA ANGOSTURA ⛰️ #patagoniaargentina #patagonia #vla,13600,#patagoniaargentina #patagonia #vla            
2024-3-14,agencialevitravel,"¿Aún sin planes para Semana Santa? 🤔 Acompañanos el Domingo 31 de Marzo con toda tú familia y amigos, visitaremos Cadaqués ☀️🌊 el pueblo que enamoró a Salvador Dalí quién dijo que ""Cadaqués era el pueblo más bonito del mundo"" 🤩 ubicado en la Costa Brava una villa tradicional mediterránea que parece haberse detenido en el tiempo, las pintorescas calles de Cadaqués te están esperando, saldremos en crucero ⛴️ desde la Bahía de Roses disfrutando los paisajes de la costa sur-este del Parque Natural del Cabo de Creus y si no deseas realizar el crucero pero visitar la playa de Rosas su variedad de restaurantes, paseo marítimo y preciosa playa el precio es de 25€ 🏖🌴🌊 📍 Nuestra oficina está ubicada en Avinguda de Francesc Maciá 30, Esc A 1er, 1a Sabadell a 2 minutos de El Corte Inglés frente al Parque Cataluña (CON CITA PREVIA) ⏰ Horario de atención: Lunes a Viernes de 10:00h a 19:00h",961,     
2024-1-13,el_paraguayito_..._,#tropicalesdeoro #tropicales #temazosparaguay #paraguaya,6256,#tropicalesdeoro #tropicales #temazosparaguay #paraguaya           
2023-9-28,uh.neto,"O Tabuleiro tá aberto Pra você que se conecta ❤️ com a música, gostaria de te convidar pra ouvir meu primeiro álbum, ""Tira-Gostuh"". Sendo lançado a partir do dia 30/09 em todas as plataformas digitais... o Tira-Gostuh foi contemplado na 3° Temporada do Selo Educadora FM @educadorafmba e chega ao mundo cheio de dengo, tempero e misturas... Trago em seus versos, cantos, musicalidades, e um pouco de tudo aquilo que venho pensando e sentindo... Como fruto de uma caminhada no RAP e no campo da Filosofia, o Tira-Gostuh perpassa por vários universos do Recôncavo da Bahia para simplesmente dialogar o que possui... amor! Vem com nós que...",490,            
2023-9-1,grupo.metropole,"Torcedora símbolo do Esporte Clube Vitória, Rosicleide de Jesus Aquino, revelou que devido ao machismo ela precisava ir disfarçada ao Barradão. Em entrevista ao Jornal da Cidade, da Rádio Metropole, ela comentou das dificuldades que passava, até entre sua família. “A começar pelo meu marido, que achava que eu não poderia estar presente na arquibancada, gritando. Eu tinha que usar peruca, fingir que não gostava de futebol. O bicho pegava lá em casa, até porque minha família é toda Bahia e não aceitavam que eu fosse a ovelha negra da família. Mas o amor pelo Vitória foi maior, desde quando eu estava no ventre de minha mãe eu já me sentia rubro-negra”, revelou. Em 2023, Rosicleide sobreviveu a um problema de coração, ainda em recuperação, a torcedora disse que o rubro-negro é uma das fontes de energia para superar a questão. “Eu era sócia conselheira, sempre ajudei enquanto todos abandonaram. Me afastei do Conselho porque estava me estressando muito, cobrava dos restantes dos conselheiros para que todos estivessem pagando em dia com o clube, porque o Vitória estava precisando. Logo depois fiquei doente e lembrava do Vitória, que me dava força para superar a doença”, afirmou. Sobre o Campeonato Brasileiro, Rosicleide se diz esperançosa com o título. “Ano passado muita gente desistiu, dizendo que o Vitória ia ficar na Série C. Mas eu acreditava que a gente ia passar, e graças a Deus o milagre continua. Agora a luta continua e a gente merece esse título da Série B neste ano. O Vitória é uma seleção hoje, vai arrebentar e o time é um pitbull, já a torcida é um segundo pitbull”, finalizou.",3991,  
2023-11-16,pixvaecraft,"Playa Pixvae 🌞 Al llegar a la comunidad de pixvae puedes solicitar el tour de playas que deseas. Playita blanca, las cuevas, doña juana, playa brava, playa la aguja. Tambien puedes conocer otras playas, como playa pajarón al igual q puedes visitar bahia honda. Y por supuesto, el parque nacional coiba.",35200,      
2023-12-25,osunabelenyanina,#miamor #escapada #villalaangostura #bahiamansa #lagocorrentoso,3140,#miamor #escapada #villalaangostura #bahiamansa #lagocorrentoso  
